start	end	text
0	11400	The sixth day is over, you have now four more left to work and work very
11400	22640	seriously, very diligently, very patiently and persistently to get best
22640	33200	results of your stay here. Sixth day is a very important day. I am glad you
33200	42520	have crossed this hurdle, sixth day. As I said, the second day and the sixth day, it
42520	49400	is difficult for a weak-minded person to cross the hurdle. On the first day, even
49400	56240	when you start on upon, operation starts and with this operation, the second day
56240	62400	one feels like running away. Then again after Vipassana, the fifth day, sixth day,
62400	69440	operation goes deeper and one feels like running away under some pretext or the
69440	79080	other. One pretext. On the fifth day evening, the discourse says so much about
79080	84880	Dukkha, misery, misery. The birth starts with misery and then the whole life
84880	91640	misery, misery of disease, misery of old age, misery of dying, misery of things
91640	95200	happening which you don't like, misery of things not happening that you like,
95200	104760	misery, misery, life after life misery. Oh, this path is path of misery. One doesn't
104760	112000	want to understand. This is a very pessimistic teaching. No, I must run.
112000	118880	Doesn't try to understand or finds an excuse to run away. There is no pessimism,
118880	125840	not a trace of pessimism in the teaching. If the teaching said that you have to
125840	130560	suffer, there is misery, there is no way out, then yes, pessimism. But the teaching
130560	136280	says there's a way out. You can come out of all your miseries and you can reach
136280	142120	the stage where you are totally free from misery. Enjoy real peace, real harmony,
142120	153040	full of optimism, full of optimism. Back home in India there is a story, story in
153040	164160	our country. A mother sends the young son to the grocery shop nearby, gives one
164160	171760	empty bottle, one ten rupee currency note, go, go and buy some cooking oil. The boy
171760	179240	goes, goes, purchases oil, the oil bottle is filled with oil. On his way back, out
179240	187600	of carelessness, he gets knocked down. The bottle falls. Half of the oil flows
187600	194960	out. He picks up the bottle, half empty. Crying, crying, he comes to the mother,
194960	202520	oh mother, I lost half the oil. I lost half the oil. Very pessimistic, very
202520	210120	pessimistic. Story is story. Mother sends another son, another ten rupee note,
210120	216560	another bottle. He also buys oil, gets the bottle filled and story is story.
216560	224520	He also falls down. The bottle falls down. Half the oil has flowed out. This
224520	229400	boy picks up the bottle, very happy, smiling and goes to the mother, look I
229400	234920	saved half the oil. I saved half the oil. I fell down, the bottle fell down, the
234920	238920	bottle would have broken, all the oil would have gone away. Look, half the oil is
238920	244320	saved. Both have reached in the same situation, half bottle full, half empty.
244320	249160	One is crying for the empty one, very pessimistic. Other is happy with the
249160	256920	filled one, at least half is full. Very happy, optimistic. Story is story.
256920	263680	Mother sends the third son. And story is story. He also falls down. Half the bottle
263680	268080	is oil is out. He picks up the bottle like the second boy. He comes smiling. I
268080	275640	saved half the bottle. I saved half oil. But this boy is a Vipassana boy. Not only
275640	282120	optimistic, he is realistic also. I have lost half the oil. This is truth. My bottle
282120	288640	is half empty. And not only realistic, he is a workist like Vipassana. Now I must
288640	294600	work. He says I go out and work hard and by this evening I will earn five rupees
294600	302720	and get this bottle filled. Dhamma is not merely optimism, it is also realism, it is
302720	309120	also workism. So each individual has to work. Always remaining optimistic. Now
309120	315880	pessimism, not a trace of pessimism in Dhamma, all optimism, optimism. You got a
315880	321800	path now to come out of misery. Misery is there. You have to accept it. Half bottle is
321800	327480	empty. You have to accept it. How to fill it? The misery is there. Accept that misery.
327480	332800	And the way is there to come out of misery. Make use of that. This is what you
332800	339880	started doing. You are realizing the truth. It is not merely intellectual
339880	345000	exercise. Not an emotional or devotional acceptance of the truth of misery and
345000	350160	the way out of misery. You are experiencing. When you are working with
350160	357720	the sensation, you are living. Living wisdom is there. The truth is there which
357720	364480	you are experiencing. It is not the wisdom of somebody else. Not a borrowed
364480	370040	wisdom. Your own wisdom with direct experience. The whole process of
370040	378000	observing the sensation makes you understand. Because you started giving
378000	381840	importance to the truth within the framework of the body and the truth at
382320	388720	the experiential level. Otherwise whole life all importance was given to object
388720	398120	outside, object outside. You are craving. Even though you know you are craving. But
398120	402800	you are craving for object outside. And that object has become so predominant
402800	407360	for you. It keeps on overpowering you. You forget that you are craving. And you
407360	411320	also forget that by craving you have lost the balance of your life of your
411320	419440	mind. And you become very miserable. And you also don't understand that you have
419440	426120	become an addict to this craving. A natural requirement. You are thirsty. You
426120	432280	want water. Nothing wrong. You work hard to get water when you are thirsty. You
432280	436840	tried. You didn't get water. You smiled. All right. I try again. You didn't get. I
436840	441800	try again. You don't lose the balance of your mind. But when you start craving
441800	447200	water. Oh still not water. What will happen to me? I may die. Water. Water. You lost
447200	452720	the balance of your mind. You become so miserable. One is not observing all that
452720	460720	inside. Water is not that important. You are craving. Even craving is not that
460720	465400	important. Craving brings misery. The moment you start craving something that
465400	473800	means you are wanting something which is not there. You are not contented. You are
473800	479520	not satisfied with whatever is. You want something which is not. Which is not is
479520	484120	which is not. And you become very miserable because of that. You keep on
484120	489320	realizing this. Look I am becoming miserable. I am becoming miserable. Then
489320	494520	there is a way to come out of it. You don't know anything. You just go get
494520	499320	overpowered by this misery of craving. And then you don't know how you become
499320	507560	addicted to this craving. This becomes worse. One becomes addicted to craving.
507560	514320	When you start observing sensations a stage will come sooner. Maybe later in
514320	521400	some cases. When you start understanding that you are actually not craving for
521400	528040	this object or that object. You are craving for a particular sensation. When
528040	534320	you crave, crave for anything, a sensation arises. And when that craving is
534320	538880	fulfilled there is no more sensation. And you want that sensation again. So you have
538880	543480	to crave for something else. Once your craving is fulfilled, the object is
543480	550320	attained. It becomes still and you want something else. That is attained. Again
550320	555000	it becomes still. You want something else. You have become addicted to this craving.
555000	562120	Say somebody is living in a one-bedroom cottage. Quite happy. Suddenly it comes to
562120	566480	his mind. What one bedroom cottage? I must have at least a big house with three
566480	572880	bedrooms. Alright. Had a house with three bedrooms. Then it must be well furnished.
572880	578600	This furniture, that furniture. Well furnished. Alright. Well furnished. Then
578600	583520	that becomes still. Then I must have this apparatus, that apparatus. A TV and a
583520	589920	color TV and VCR and a definite deck or washing machine or cleaning
589920	594400	machine or this machine or that machine. The entire house is full of all these
594400	601360	things. No space even to breathe. And yet no satisfaction. Craving, craving. My car.
601360	608240	Oh this ordinary car, a tin pot. I must have that model. How about having a
608240	616520	Toyota? And then Toyota comes on. No, no. I must have BWM. And then no, no. I must
616520	622560	have Mercedes Benz. Oh no. I must have Rolls Royce. Oh no. And then not Rolls Royce
622560	627920	of this model or that model. Then latest model, latest model. Not just one, two. A
627920	635840	fleet of Rolls Royce. Still not contented. I must have my own helicopter.
635840	641040	People have their helicopters. I must have helicopter. Alright. Helicopter has
641040	646960	come. Then I must have my aeroplane. My own aeroplane. Aeroplane has come. Now I
646960	654040	want a spacecraft. I must go to the moon. A spacecraft to take me to the moon. Oh
654040	659600	that also is still. I must have a spacecraft to go to the Mars. To this
659600	665400	planet. To that planet. Not that. To this galaxy. That galaxy. Oh sky is the limit.
665400	672680	Even sky is not the limit. No limit. It is a bottomless bucket. You can't fill it.
672680	679120	Because you started getting addicted to craving. You are not craving for an
679120	685200	object. You are craving for the sake of craving. That makes the situation worse
685200	693320	and this is what happens. As you proceed on the path it will become so clear. When
693320	698360	we say somebody is addicted to alcohol or somebody is addicted to drugs. No. It's
698360	704480	wrong. At the surface level, apparent level, it seems to be so. Actually one is
704480	710000	addicted to the sensation. By taking alcohol one feels a kind of sensation and
710000	713920	one wants that sensation again and again. So one has to take alcohol again and
713920	721000	again. One has to take drug again and again. The sensation is so important.
721000	728200	This was the discovery of Buddha. Unless you start learning how to observe your
728200	733400	sensation you cannot come out of any addiction. Addiction of alcohol, addiction
733400	738800	of drug is nothing compared to your addiction of craving. Compared to your
738800	744560	addiction of aversion. So many impurities of the mind. You are addicted to all
744560	748160	those impurities and you keep on repeating them, repeating them, repeating
748160	752160	them because you are addicted to a particular type of sensation. You want
752160	755920	the sensation again and again. You generate certain impurities to get that
755920	759320	sensation. When that is over again you generate the same sensation by
759320	764240	generating this kind of negativity. This has become the habit pattern of the mind.
764240	770440	How to come out of it? Misery is there. But a way to come out of misery is also
770440	778480	there. Observe. Learn how to observe. Whatever is happening you are silent
778480	784320	witness. Don't react like somebody sitting at the bank of the river. The
784320	788640	flow of the river is there. You do nothing for the flow of the river. It's
788640	794560	natural. Sitting at the bank you just observe. This is more than that. A flow
794560	801040	of vibration, sensation throughout the body. You are feeling it. Like a research
801040	809680	scientist in his lab. In a glass tube some chemical is there. He heats up, heats
809680	815280	up some liquid chemical and that gets evaporated. Volatile matter gets
815280	821720	evaporated and that moves in some other tube, gets condensed, comes out as liquid.
821720	827800	He's just observing. Just observing. When it gets evaporated it doesn't start
827800	832680	crying, oh where my chemical went away. When comes back again as a liquid form
832680	837680	it will start dancing. He just understands. But all that understanding
837680	842000	of a scientist is only at the intellectual level. He's not experiencing.
842000	848240	Here you are experiencing the entire physical structure. What is this? How it
848280	854400	is working. The mental structure. The combination of the two. The interaction
854400	859640	of the two. How one is influencing the other. How one gets influenced by the
859640	865200	other. How the mind gets originated because of matter. How the matter gets
865200	869760	originated because of the mind. At times it looks as if matter is changing into
869760	875080	mind. At times it looks as if the mind is changing into matter. All that one is
875080	880480	experiencing and that makes so much difference. Then the wisdom that you get
880480	885880	by this experience is your own wisdom. Not because Buddha said so. Not because
885880	892240	your teacher says so. Not because any scripture says so. The material
892240	899160	structure made of subatomic particles, tiny little kalapas. The entire universe
899160	911440	made of tiny little kalapas. Four basic elements. Earth, water, fire, air and four
911440	917200	characteristic each of them. The entire universe is like that. Entire material
917200	927000	universe is like that. You see things solid. Earth element, liquid, water element.
927000	934600	Air, gaseous, air element and the temperature prevailing everywhere. Fire
934600	943880	element. The snow solid turns into water, gets evaporated as gas and there is
943880	950240	temperature in all the three cases. Similarly in our body also. Bones etc. so
950240	958280	solid. Earth element. Blood etc. water element. Gases etc. air element and the
958280	965360	temperature prevailing. Fire element. But that is not the deeper
965360	972640	level of the reality. The characteristic of each element which you experience at
972640	978960	the sensation level, this is more important. When you talk of earth element
978960	986200	not that you look for a particle of dust in this element. Nothing doing. Water
986200	991440	element. You don't look for a drop of water in it. Nothing doing. What is the
991440	997400	sensation that you feel because of that? Earth element. The entire field of
997400	1005960	weight from the heaviest sensation feeling to the lightest is the
1005960	1018600	characteristic of the earth element. Like pulverized cement dust. Light. It
1018600	1024280	becomes solidified. Becomes heavy. When it is solidified it's rough. When it is
1024280	1030200	pulverized it is fine. Soft. You get sensations like that. Heavy, solidified
1030200	1035320	sensation of one type. Very rough. That gets dissolved and then you have soft.
1035320	1044160	Same earth element but very soft. All the field of weight is the characteristic of
1044160	1050400	the earth element. Similarly the entire field of movement from the little
1050400	1059240	little movement to very big movement is the element of air. The entire field of
1059240	1065960	temperature from the coldest to the hottest is the field of fire element.
1065960	1076240	And the water element. Binding nature. Cohesiveness. The entire structure is
1076240	1082240	within your boundary. It's bound up. This is water element. This is what you
1082240	1087520	experience. All the sensations that you have been experiencing till now and the
1087520	1091360	all the experiences that you will experience in future you have only these
1091360	1095280	four elements manifesting with this sensation or that sensation. At times
1095280	1100200	masses of subatomic particles will arise with the predominance of earth element
1100200	1104080	or with the predominance of water element or with the predominance of air
1104080	1108280	element or with the predominance of fire element. That's all. These four elements
1108280	1119560	are there. A good meditator will not get affected. Oh now masses of kalapas have
1119560	1124800	arisen with earth element. Predominance of earth element. Let me see how long
1124800	1129960	they last. Fire element. Let me see how long they last. Water element. Let me see
1129960	1134200	how long they last. Air element. Let me see how long they last. It does not react.
1134200	1139360	One just observes. And these sensations which are manifestation of different
1139360	1145120	elements they arise. Sooner or later they pass away. They arise. Sooner or later they
1145120	1151200	pass away. It becomes clearer. Clearer. Like a scientist you are exploring the
1151200	1156280	truth the nature of these kalapas and you are also exploring the truth of
1156280	1162040	your mind. How the mind gets influenced. How you understand how these kalapas
1162040	1167520	get originated. How they multiply. How the mind gets influenced by them and how
1167520	1172480	you react and the reaction gets multiplied. All that phenomena becomes so
1172480	1182200	clear. So clear. These kalapas, subatomic particles, how they arise, how they get
1182200	1192480	originated. Four kinds of food you give to them. Two material food and two mental
1192480	1198840	food. Material input and mental input are responsible for the generation of
1198840	1203720	different types of kalapas in your body. And that you will start experiencing as
1203720	1209880	you proceed on the path it will become clearer and clearer. The material food.
1209880	1214920	The food that you take once, twice or three times during the day. What type of
1214920	1220800	material food you have taken. That type of kalapas will start arising with the
1220800	1225600	predominance of this element or that element. For example as you proceed on
1225600	1229320	the path and you become more and more sensitive to your sensations it will
1229320	1235880	become very clear. Say one day you have taken real hot food. Indian hot food. Lot
1235880	1240240	of chilies. And then you sit for meditation after some time. And you get a
1240240	1244720	burning sensation here and a burning sensation here. The fire element. You are
1244720	1248600	given that input and the fire element. The atoms are arising with the
1248600	1255520	predominance of fire element. You have taken very stale food or very greasy food and
1255520	1260800	you sit for meditation. Earth element. You feel so heavy. So heavy here. So what type
1260800	1264600	of food you are taking. You take healthy food your body becomes healthy. You take
1264600	1270640	unhealthy food your body becomes unhealthy. Law of nature. Second input. The
1270640	1276920	material input of the atmosphere around you. Every moment the body keeps on
1276920	1283520	sucking the material atmosphere around. One lives in a cold country, cold climate.
1283520	1289080	One type of body lives in hot country, hot climate. Another type of body. This
1289080	1294440	kind of kalapas get generated because of the atmosphere around. Two other inputs.
1294440	1302920	Mental inputs. The present mind at this moment my mind is generating this
1302920	1309040	particular sankhara. This sankhara, this type with this sankhara, this mind with
1309040	1314640	this sankhara will start generating these atomic kalapas particles with
1314640	1322440	particular type of element. Like at this moment I generate anger. I have generated
1322600	1326400	anger at the mental level but the kalapas that have started generating are
1326400	1333200	kalapas with the predominance of fire burning, burning, burning. Or I generate a
1333200	1339800	fear, fear sankhara and then trembling, trembling, air element, air element. What
1339800	1346280	type of input I am giving at the mental level at this moment. How the mind turns
1346280	1351160	into matter or influences the matter or makes the matter to originate in a
1351160	1359720	particular way. And then the fourth input is your old sankharas. The reality
1359720	1366120	of the mind is every moment it is influenced by the sankhara. The present
1366120	1370440	sankhara either you keep on generating sankhara from moment to moment. You stop
1370440	1374120	generating sankhara as you practice in vipassana. You don't generate any sankhara
1374120	1380160	at this moment. Then your old stop will start coming up on the surface. This is
1380160	1386520	the fruit of your old sankhara. In your daily life also as you get established
1386520	1392360	in the technique it will be very clear. You get something unpleasant happens in
1392360	1397040	your life. Before that something unpleasant happens in the life outside
1397040	1401840	very unpleasant sensation has started in you. And then only something
1401840	1404960	unpleasant happens in the life. Something very pleasant happens in the
1404960	1409360	life a pleasant sensation has started in you. So the fruit first comes as a
1409360	1417240	sensation. The seed was planted as a sensation. Say a seed of anger. My
1417240	1423840	sankhara of anger as I plant the seed of anger I feel so much heat. Fruit of this
1423840	1427720	particular sankhara when it comes up it will come up with the same kind of
1427720	1433920	sensation again heat very much heat. So the sankhara that I am generating now is
1434560	1441160	one input and it creates fire element in the body. And the sankhara of the past if
1441160	1445520	it is a sankhara of anger the fruit of that will again have fire element. Like
1445520	1450120	this the sankhara now or the sankhara past are another two reasons for
1450120	1454480	different kind of kalapas to arise different kind of kalapas to arise. As
1454480	1461320	you keep on observing then you understand that more and more I react to
1461320	1465840	these sensations more and more I generate new sankharas and I create more
1465840	1471640	and more misery for me. And if I stop generating new sankharas then the old
1471640	1477480	ones come on the surface they create a sensation and again I smile at the
1477480	1482160	sensation. This is also impermanent. Let me see how long it lasts. Let me see how
1482160	1487280	long it lasts. It passes away. That means layers of that particular old sankhara
1487280	1491040	has come on the surface and passed away. Chunks after chunks will come on the
1491040	1495800	surface and pass away. You are relieved from that. You are not generating a new
1495800	1500720	sankhara. You are getting liberated from your old stock of the sankharas and the
1500720	1506000	process is such it will take take you to the stage. Everyone who keeps on working
1506000	1511200	working properly of course it takes time. Not that one becomes perfect by taking a
1511200	1514680	10-day course but by 10-day course one understand this is how I have to work
1514680	1518800	and one keeps on working keeps on working ultimately one reaches the stage
1518800	1522880	where there is no more past sankharas left and you don't generate a new
1522880	1529560	sankhara and this is what is called Kheenam Puranam Navam Natya Sambhavam
1529560	1535760	Kheenam Puranam. All the old stock is eradicated now and no new sankhara can
1535760	1540800	be generated. One is a liberated person and this happens by one's own practice.
1540800	1546480	No one else can do that for you. The sankharas that is accumulated is
1546480	1550360	accumulation of your own. You have accumulated them. You are responsible for
1550360	1554920	that. Your ignorance is responsible for that. Slowly you are coming out of that
1554920	1559720	ignorance. You are developing your wisdom, living wisdom, wisdom at the
1559720	1564400	experiential level and you see how the old stock is getting eradicated,
1564400	1570440	eradicated. You are coming nearer and nearer to the final goal. Each individual
1570440	1575920	has to work. No one else can do anything for you. Can only just show the path.
1576840	1584520	Hindrances are there. Difficulties are there. In the language of those days it
1584520	1590400	is called Nivarana, like curtain, thick curtains which won't allow you to see
1590400	1595920	the things behind the curtain. You can't see the reality within you because
1595920	1602160	of these Nivaranas, these obstacles, these barriers. Five big Nivaranas, five
1602160	1608200	big barriers. I call them five big enemies of every meditation, Vipassana
1608200	1617520	meditator. Five big enemies. Two big enemies, craving and aversion. You are
1617520	1622600	meditating to come out of your old habit of craving, to come out of your old habit
1622600	1628480	of aversion. And ignorantly you are meditating. You are meditating and
1628480	1632200	multiplying your craving. You are meditating and multiplying your aversion.
1632200	1635760	You are supposed to come out of craving. You are supposed to come out of
1635760	1639480	misery, of craving. You are supposed to come out of the misery of aversion and
1639480	1643960	look what you started doing. This is because of the old habit pattern of the
1643960	1648480	mind, because of the ignorance, because of these Nivaranas, these two Nivaranas,
1648480	1656240	two barriers. An example how it happens. In a course like this there are many
1656240	1660720	reasons for asking the students, no communication, don't talk with the fellow
1660720	1665000	student. If any problem come and discuss with the assistant teacher or the
1665000	1671440	teacher. But keep on working your own. Keep on working your own. But human mind
1671440	1677200	is human mind. Always inquisitive about others. You get one opportunity and you
1677200	1682480	start talking, hey how about you? How about you? And this person replies, I get a
1682480	1687200	flow of tingling vibrations. Tingling throughout the body? And I didn't get any
1687200	1692080	tingling? And somebody says I got a flow of like electric current throughout the
1692080	1696560	body. Electric current? Wonderful. I didn't get. And when you sit for meditation now,
1696560	1701560	I want tingling sensation. I want electric current or no electric current
1701560	1709160	for me. No tingling sensation for me. And you keep craving, craving, craving. You were
1709160	1713120	here to come out of craving. And in the name of meditation, in the name of
1713120	1719880	Ippassana, I started craving, craving. Craving is craving. Misery. Even if you
1719880	1724920	crave for the final goal, liberation, Nirvana. I want Nibbana, I want Nibbana.
1724920	1730120	You are running in the opposite direction of Nibbana. Nibbana is a stage
1730120	1733920	free from craving. And you are multiplying your craving. How can you
1733920	1739440	reach the stage of free from craving by generating craving? Not possible. So
1739440	1743080	whenever you find this enemy is overpowering you, come out of it as
1743080	1748080	quickly as possible. Don't allow it. Whatever comes about this moment, this
1748080	1752600	sensation or that sensation, even no sensation, doesn't matter. You accept the
1752600	1761080	reality of this moment as it is, as it is. What is not there, you want that. Then
1761120	1765120	again, the same old habit pattern, what is not there, you want that. And that
1765120	1770040	becomes craving. And you start having attachment to this craving. It becomes a
1770040	1777080	big misery for you. Similarly, aversion. An example, you are made to sit for one
1777080	1783520	hour, Adikthana. You can't open your eyes, can't open your legs, you can't open
1783520	1790960	your hands. You somehow manage half an hour. You manage 45 minutes. After that,
1790960	1797240	then the torture starts. Then again, the same human mind inquisitiveness about
1797240	1801720	others. You are not supposed to open your eyes. And still you open a little bit of
1801720	1806800	eye. What is happening to others? Is this pain, I am only suffering with pain or
1806800	1813280	everybody is suffering with pain? You are so curious about others. And you notice at that
1813280	1817480	time everybody is sitting like a statue of Buddha. That means they have got no pain.
1817480	1824160	Only I have got pain. My pain has not gone away. Everybody's pain has gone away. Oh this
1824160	1829640	pain. Then your aversion becomes multiply. Aversion towards this pain. My teacher
1829640	1834160	keeps on saying everything is anicca, anicca, impermanent, impermanent. Maybe
1834160	1840680	true. But this pain is permanent. This is not impermanent. Look, how many times I
1840680	1846560	told you, you are anicca, you are anicca. And still it is not going. This is
1846560	1853520	permanent. This is permanent. Aversion, aversion, aversion. The enemy has overpowered
1853520	1857680	you. You are multiplying aversion. You are here to come out of aversion and you
1857680	1864160	started multiplying the aversion. Another two big enemies. Understand all these
1864160	1871040	enemies, they are defilements, mental defilements, which came in your body, in
1871040	1877520	your mind as guests and then they became owner of the house. They don't want to go
1877520	1882560	out. And when you practice vipashyana they can't stay, they have to go out. Like
1882560	1886600	a switch on light comes on the darkness has to go. You won't have to tell darkness
1886600	1890120	who you go away now. Now there is light. When you practice vipashyana these
1890120	1894840	defilements have to go and they don't want to go. So they give a kick from
1894840	1900200	within. Stop vipashyana. This is not good for me. I don't want to go. You stop vipashyana.
1900200	1906080	Two kinds of kicks are given from within. One big kick is that it will make you
1906080	1911280	so drowsy. You have a sound sleep all right. You sit for meditation you feel so
1911280	1917480	drowsy, so drowsy. A very big enemy is overpowering you. Fight it out. Have
1917480	1921200	heart breathing. If that doesn't work and if it is not that one hour sitting,
1921200	1926240	stand up and meditate with heart breathing. That doesn't work. Get out, walk
1926240	1930280	five minutes or ten minutes, observe your sensation or respiration, come and
1930280	1935160	sit. Keep on fighting this enemy. Otherwise this enemy overpowers you. You
1935160	1942080	can't meditate. Another kick from within. Either this kick will make you very much
1942080	1946840	drowsy or it will make you very much agitated. You feel like doing little bit
1946840	1951080	of this, feel like doing little bit of this, little bit of this, little bit of
1951080	1957240	this, but no meditation. You are in one hour sitting Adikthana and a kick from
1957240	1961820	within. You have taken whole of your body outside and then you realize oh I was in
1961820	1965560	Adikthana. How I came here? A kick from within won't allow you to practice
1965560	1974520	properly. This enemy, dangerous enemy. Another enemy, fifth enemy. Doubt, doubt.
1974520	1980240	All kinds of doubt come in the mind. What is this technique? What sort of
1980240	1984320	technique is this? Observe respiration, observe respiration. Even when I was not
1984320	1988160	observing respiration, it was there all the time. What I gained by observing
1988160	1991520	respiration? Now observing the heat, observing the perspiration. What I'm
1991520	1997760	doing? Have I gone crazy? What kind of meditation? And this doubt will not
1997760	2003640	allow you to work. Another doubt at times, another doubt comes about your teacher.
2003640	2011360	What teacher? I was expecting a great guru from India with capital G. What kind
2011360	2017040	of guru? He doesn't have matted long hair, does not have big mustache or
2017040	2022880	beards, even no shaven head and he has got no bunches of rosaries around his
2022880	2028000	neck, no trademark on his forehead, no paraphernalia of a teacher, no guru. What
2028000	2044880	kind of guru? He doesn't look like freak. He looks like a straight. What guru? No. And he's got no
2044880	2050640	supernatural power. He can't fly in the air. He can't dig dips in the earth. He and his
2050640	2054760	assistant keep on asking, how about you? They should know what, how about you? Why
2054760	2063360	they ask a student? No supernatural power. Doubt. Doubt and you can't work. Third
2063360	2068080	kind of doubts come. Yes, the technique is good because so many people keep
2068080	2072200	coming and they get benefit. They keep coming repeatedly. Certainly it is good.
2072200	2075920	Teacher is also good because so many people listen to him. So perhaps good.
2075920	2082080	Alright. I am not good. I am not fit for this. Doubt about one's own capability. I
2082560	2090960	am not fit. This is not the time for me. And this scene is not for me. I better
2090960	2097200	quit. And one feels like running away. Oh this doubt, doubt, doubt. Any of these
2097200	2102800	three doubts overpowers you and you stop meditating. These five nirvanas, five
2102800	2107520	enemies, be careful. Don't allow them to overpower you and then you will find
2107520	2112480	you are progressing, you are progressing, you are progressing.
2113480	2119520	The technique is wonderful. There is no dogma involved in it. No blind faith
2119520	2125040	involved in it. No cult involved in it. It's pure science of mind and matter. The
2125040	2130760	interaction of mind and matter. How out of ignorance this mind keeps on reacting
2130760	2135360	to these sensations. Keep on generating negativities and because of this
2135400	2139720	negativity more and more this particular type of sensation arises and when that
2139720	2143520	sensation rises you more react with negativity and this vicious circle
2143520	2147520	becomes miserable, more and more miserable. You start observing it. You
2147520	2153600	start coming out of it. Just universal law of nature. Nothing to do with this
2153600	2158520	particular organized religion or that organized religion. Truth is truth.
2158520	2164720	Universal truth. Universal law. Dhamma is universal law. Natural law. And that will
2164720	2170560	become clearer and clearer if you keep on working. The law of nature is such
2170560	2174680	that if you keep on reacting with negativity you are multiplying your
2174680	2180520	misery. You stop this reaction you started coming out of misery and this
2180520	2185400	has worked even in the past. This works now. This will keep on working in future.
2185400	2190040	Even in the past whether there was a Buddha or no Buddha. Buddha says whether
2190040	2194000	I am there or not. Whether somebody becomes an enlightened or not. The law of
2194160	2200360	nature remains the same. It is eternal. All the time when one generates
2200360	2204800	negativity one is bound to suffer. All the time one starts coming out of
2204800	2212120	negativity one starts getting liberated from the misery. A Buddha discovers. This
2212120	2216440	law remains covered. People do not know what is happening. Deep inside how you
2216440	2221480	generate negativity people do not know. The enlightened one's enlightenment is
2221480	2226800	that he goes deep inside and finds out how one keeps on generating negativities
2226800	2231360	to these sensations and keeps on multiplying one's misery. How observing
2231360	2235480	the sensation one can come out of this misery. Come out of the negativity. This
2235480	2240440	is found out by somebody which is there already. The law is there already. And then
2240440	2244360	out of compassion he starts teaching it to others. Giving this technique to
2244360	2249080	others. People follow it and they come out of their misery. This happened to
2249480	2254080	thousands upon thousands of people in the life of the Buddha. And after that
2254080	2259880	also during these 25 centuries whoever practiced got the same benefit. And even
2259880	2264240	in future who will be practicing will get the same benefit. Today anybody is
2264240	2268800	practicing will get the same benefit. The law is law. It is eternal. The same law.
2268800	2278560	The Dharma is eternal. The same law prevails. At the time of Buddha
2278560	2285080	how miserable people came out of their misery. Not because of any miracle or
2285080	2291080	magic of Buddha. The same technique was given. One instance of this person
2291080	2298520	Angulimal. A young man very angry. He had taken a vow that he will kill
2298520	2306680	1,000 human beings. How much anger he has got. And he killed 999 of them and he
2306680	2311920	was looking for the thousandth one. And how to remember how many he has killed.
2311920	2317560	So whomever he kills he cuts the finger and puts a garland around his neck.
2317560	2322440	And keeps on counting how many fingers. And that is why he was called Angulimal.
2322440	2328280	One he is wearing a garland of fingers. When he was looking for the one
2328280	2333520	thousandth person he came across Buddha. Or rather Buddha out of compassion came
2333520	2340840	to him. Just to save him from his misery. No magic. No miracle. Same technique was
2340840	2345480	given to him. And he started realizing that he is a miserable person. Full of
2345480	2350080	misery. And started working on it. And working, working, working he came out of
2350080	2357160	misery. Here is the final goal. A full liberated person. An anaharanth. Full of
2357160	2362640	compassion. Full of love. Full of goodwill for others. And now he goes
2362640	2367480	around from village to village. From countryside to countryside. From city to
2367480	2373840	city. Everywhere people are so miserable. I was so ignorant. Out of my ignorance I
2373840	2377840	had been harming myself. I had been harming others. Like me there are so many
2377840	2381520	who are harming themselves. They are harming others. If they get this wonderful
2381520	2385520	technique certainly they will come out of their misery. Certainly they will come
2385520	2390240	out of their misery. So out of compassion he goes to different places.
2390240	2396120	He teaches this dhamma, this technique to others. Some people recognize him.
2396120	2401040	Although he's become a monk now. He's the same Angulimala who has killed my mother
2401040	2405240	or killed my father or killed my wife or killed my husband or killed my son. Same
2405240	2410520	Angulimala. And out of anger they throw stones at him. They beat him. Blood starts
2410520	2417000	flowing from his body. But from the heart only compassion flows. Oh miserable
2417000	2423320	people. I was also equally miserable. Out of ignorance I was harming myself. I was
2423320	2428100	harming others. See this technique how it helps you. You will come out of all your
2428100	2433920	misery. Give it trial. Give it trial. Full of compassion. The whole life full of
2433920	2440400	compassion. How miserable people came out of their misery so easily. Of course by
2440400	2444600	practicing the technique understanding that this technique alone can take us
2444600	2448840	out from the misery. Unless we come out of our negativities, unless we come out
2448840	2455720	of our sankaras, there is no liberation from misery. A very miserable woman by
2455720	2464720	the name of Kisa Gautami got married and for number of years had no issue and she
2464720	2471120	was craving for a child. After a number of years she got a child. Unfortunately
2471120	2476040	within two years the child died. She had developed so much of attachment to the
2476040	2481840	child and the child died. This sorrow was unbearable for her. She took the dead
2481840	2486080	body corpse of the child to the breast and she won't give it to the people to
2486080	2490720	take to the cremation ground or take to the graveyard. No my child does not die.
2490720	2495400	It is sleeping. Please do something so that he gets awakened. Please do
2495400	2501360	something. And people say no mother he has died and no use expecting that he
2501360	2507440	will wake up. But she has gone totally insane. No I can't give. My son has
2507440	2513240	not died. Has not died. Please do something. Please do something. One wise
2513240	2518680	person told her nobody has got any medicine for this dead body. You may go
2518680	2523000	to Buddha. He has got his meditation center here. You go there. Perhaps he may
2523000	2527880	do something for you. And she went to Buddha. Placed the dead body before his
2527880	2534200	feet and crying crying my son has not died. People say he's dead. Even if he's
2534200	2539080	dead please do something. Please do something. Buddha found that her mind
2539080	2543800	was so emotionally unbalanced any kind of dhamma teaching will not work there.
2543800	2551120	He had his own way of teaching. Asked her all right. Go to the city. Get a few grains
2551240	2558140	of sesame. Very happy. Buddha is going to do something for my son. Buddha said
2558140	2563600	wait. Listen the instruction properly. You must bring these seeds of sesame from
2563600	2568520	some house where nobody has died. From a family where nobody has died. Yes, yes
2568520	2575880	sir. I'll bring that. And she went out. From house to house. From street to street.
2575920	2581440	Every house she's asking for sesame seed. My son has died and Buddha is going to
2581440	2586360	do something. Please get give me. Oh you may take bag full of seed. May your son
2586360	2591640	get alive. And then she questions has anybody died in your family. And with a
2591640	2595480	long face she says yes my father has died or my mother has died or my brother has
2595480	2600240	died or so and so has died. And the next house and the next house. Not a single
2600240	2606200	house she got where somebody has not died. And by the time the whole day she
2606200	2611120	came to senses. There is no house. There is no family where somebody does not die.
2611120	2616400	This is law of nature. People take birth to die sooner or later. And now her mind
2616400	2622040	was in a position to learn dhamma. She came back and Buddha gave dhamma. The
2622040	2626920	same dhamma. Observe respiration. Observe sensation. Go deeper, deeper, deeper. And
2626920	2632420	you find all your misery will get evaporated layers after layers. And this
2632420	2639160	Kisa Gautami became an arhan. Fully liberated. And all her life serving
2639160	2645240	people like me. So many mothers. Like me so many sisters. Oh they are so miserable.
2645240	2649520	If they get this wonderful dhamma they will come out of their misery. Out of
2649520	2653480	this compassion kept on serving people in dhamma. Kept on serving people in
2653480	2660000	dhamma. Another miserable person like this. Daughter of a very rich person
2660000	2668000	Patachara. She also lost her husband. She had two sons. Lost both the sons. Lost her
2668000	2673280	brother, mother, father. Now nobody was there in the wide world. And she became
2673280	2679960	insane. Total insane. Running in the streets of Savati. Totally naked. And
2680440	2684280	people throwing stones at her. And she won't understand what is happening.
2684280	2690440	Because of some past parmi, some good karmas of the past. She came in contact
2690440	2696880	with Buddha. Buddha was teaching dhamma to others. And she passed by. And Buddha
2696880	2703440	said come my child. And she came there. And as she sat down she got senses even
2703440	2708720	for a few minutes. And she found that she is naked. Somebody threw a cloth over her.
2708720	2715240	And from then onwards she was called Patachara. Her name was Patachara. Buddha
2715240	2720160	gave dhamma. The same technique. And working on it, working on it, she came out of
2720160	2726280	all her miseries. If Buddha had used some miraculous powers to give life to
2726280	2731760	the son of Kisa Gautami. Or give life to the sons of this Patachara. Or the
2731760	2735960	husband of Patachara. Or the mother, father, brother of Patachara. Then Buddha
2735960	2743200	would not have been Buddha. Give dhamma. This is a temporary relief. Even if
2743200	2749120	somebody gets life again. It's a temporary relief. Misery is there all the time. One
2749120	2753880	starts understanding as one progresses on the path. A time comes. One can
2753880	2759520	remember the past. Lives after lives. And Buddha says you just see. Lives after
2759520	2764320	lives. Countless lives. How many of your relatives, your dear ones have passed
2764760	2769600	away. They have died. If you just accumulate the bones of all those who
2769600	2774680	have died in the past and you accumulate it will be like a huge mountain. And the
2774680	2779840	tears that you have shed with every dear one who has died. If you accumulate all
2779840	2785240	those tears it will be like a huge ocean. You want to carry on the same thing in
2785240	2789920	future also. Life after life. Countless life in future. Again rolling in misery.
2789920	2796280	Come out of it. Here is a way. Here is a technique. N of you, N of you have suffered so
2796280	2801800	much. Come out of it now. Come out of it. And he gives this technique. Which is just
2801800	2807000	law of nature. Everybody works on it. Whoever works comes out of it. And it is
2807000	2812040	not necessary also that to work on this technique one must come out of the
2812040	2817120	householder's life. One should become a monk or a nun. Well if one becomes a monk
2817120	2821800	or a nun there are less responsibilities of the worldly life. And one can work,
2821800	2826120	give full time to this. The work becomes easier. But this is not absolutely
2826120	2831160	essential. Dhammaiswar is for everyone. A recluse, a monk, a nun or a householder.
2831160	2835200	Householder may have difficulties because of so many responsibilities. But
2835200	2841080	still the path is the same for both. Hardly there were hundred thousand monks or
2841080	2845880	nuns with him. And rest of them, millions of them in northern India.
2845880	2849920	Practicing vipashna and coming out of their misery. Practicing vipashna coming
2849920	2856080	out of their misery. An incident of a very rich person. A multimillionaire of
2856080	2864880	those days. Anath Pandika. He used to give lot of dana. Lot of dana. Because
2864880	2871160	tradition is such that a householder must give dana. If one does not give
2871160	2879800	dana then there is more of ego. As a householder one is not supposed to beg
2879800	2885200	food from others. For a monk it is alright. For a nun it is alright. As a
2885200	2892080	householder one has to earn money properly, honestly, hard-workingly. But
2892080	2899160	when you start earning money then the madness comes. I am so smart. I am so
2899160	2904520	intelligent and that is why I am earning so much money. This ego. One starts
2904520	2908360	living a ego-centered life. A self-centered life and starts hating
2908360	2912480	everybody else. Oh these people. Ignorant people. They are not intelligent. They are
2912480	2915080	not smart. That's why they are not hard-working. That's why they are not
2915080	2919680	earning. And I look I am so smart. I am so intelligent. I am so hard-working. This
2919680	2926200	ego comes which is dangerous. The whole purpose of giving dana was to come out
2926200	2932400	of the ego. And the same dana makes one ego-centered person. One has lost dhamma.
2932400	2937240	One doesn't know what for I am giving dana. This person was giving a lot of
2937240	2943600	dana. This title Anatha Pindaka. Anath means orphans. Those who are very poor.
2943600	2948160	Pindaka. One who gives them food. That was his title because he was giving so
2948160	2953360	much food to all hungry people. He had branches of his business throughout
2953360	2956840	India and beyond India in different countries. And this was a rule that
2956840	2960680	wherever his office or branch is there nobody should remain go hungry there.
2960680	2965560	People should get food. But still he didn't know dhamma. Came in contact with
2965560	2970440	Buddha. That means came in contact with dhamma. Got vipassana. Practicing
2970440	2974720	practicing. Purified the mind. Purified the mind. Got the first dip of Nibbani
2974720	2981640	stage. Changed person altogether. Now he was a changed person altogether. Now
2981640	2987960	giving donation is not to build ego. It's to deflate ego. It's to dissolve ego.
2987960	2993320	All this money that has come to me it is because of my past good karmas it has
2993320	2998200	come to me. It must be used for the good of others. Of course as a householder I
2998200	3002000	must make use of it for my own maintenance. For the maintenance of all
3002000	3005600	those who are depending on me. But the rest of it must go for the good of
3005600	3013040	others. For the good of others. And now he understands the good of others which
3013040	3018360	is the real good of others. I give food to a hungry person. I must give. It's
3018360	3023480	alright. But next day again this person is hungry. I give water to a thirsty
3023480	3027920	person. After some time again he may become thirsty. I give some medicine to a
3027920	3032440	sick person. He may get another disease or the same disease may come up again. I
3033200	3037560	may give clothes to a naked person. After some time the clothes get worn, torn and
3037560	3042280	again he's naked. I'm not taking out, I'm not helping people to come out of all
3042280	3047360	their miseries if they get dhamma. If they get this wonderful technique of
3047360	3052640	vipassana. Oh they come out of their misery. Total liberation from misery.
3052640	3057280	Misery that they were encountering from life after life, life after life. They
3057280	3062400	will come out of it. Dhamma should go to each and every suffering person. Besides
3062400	3066240	all the time giving material dana, this dana is most important.
3066240	3075200	sabba dhanam dhamma dhanam janati. The dana of dhamma is the highest dana. And he
3075200	3078360	goes to Buddha. Buddha at that time was living in Rajgiri.
3078360	3085360	Please respect to him and tell sir. Why not come to Savasthi? He was living in
3085360	3090400	Savasthi which was the most populated city of India of those days. Most
3090400	3096960	populated city. Large number of people are miserable. All miserable. Rich or
3096960	3102040	poor. If you have a meditation center there so many people will get benefit.
3102040	3106840	Sir please do something. Come there. Buddha smiled. So he understood that
3106840	3113040	Buddha has agreed. He came back home looking for a center. A place where Buddha
3113040	3117800	can start teaching dhamma to people. Meditation center should not be in the
3117800	3122440	midst of the city with so much of noise and all. It should not be very far away
3122440	3127480	where people cannot go. So looking for a proper place. Peaceful and yet not very
3127480	3133640	far away from the city. He came across, came across a garden. A park. Very calm.
3133640	3138920	Very quiet. Congenial for meditation. And he inquired who is the owner of this
3138920	3144560	park. And he came to know that the prince, the son of the king is the owner.
3144560	3152120	Prince Jetav. And he went to him. Sir I want to buy your park. And the prince
3152120	3156400	became very angry. I am not here to sell my park. This is for my own amusement. I
3156400	3163360	can't sell it. No sir I have to buy. Any price. Just to get rid of him. The prince
3163360	3168160	says you know the price of this land. You have to spread gold sovereigns. The
3168160	3175120	entire land. This is the price. The deal is done. I will spread sovereigns.
3175120	3179560	Cart loads of sovereigns he is bringing and spreading. The prince says have you
3179560	3183920	gone mad? No land can be that valuable. What are you doing? Are you a mad
3183920	3190720	person? He says no I am not mad. This land is going to become so valuable. Buddha is
3190720	3195520	going to come here and teach wonderful vipashana. And all my wealth is nothing
3195520	3200640	compared to one person getting vipashana. Even one person comes out of
3200640	3204760	the misery. My wealth is nothing compared to that. And I know not one person.
3204760	3209680	Thousands upon thousands will get benefit. And immediately meditation center
3209680	3217240	where 10,000 people can live, stay, meditate, learn dhamma. This volition to
3217240	3221920	serve others. Dana was there even previously. Now the Dana is how more and
3221920	3226880	more people will get benefited. Not to inflate his ego. To deflate his ego.
3226880	3234440	Dissolve the ego. Just to serve others. This multimillionaire it so
3234440	3241640	happened that due to some karmas of the past he became a pauper for a short
3241640	3249560	period. He had no money. He is a pauper. And when he was a money person he will
3249560	3254040	come to the center every day morning and evening to meditate. And as a
3254040	3258200	householder he understands I should not go to the center empty handed. I must
3258200	3262000	carry something for the meditators. And every time he comes he brings something
3262000	3267720	for the meditators. Now he's a pauper. He's got nothing to bring. And then
3267720	3274560	something comes in his mind. Behind his house he's got a small garden. And in
3274560	3278240	that garden he has accumulated very good fertile soil from different parts of
3278240	3284240	India. Now he takes two handful of that earth. Fertile earth. Comes to the center.
3284240	3290200	Under a tree. At the root of the tree. May this tree grow. Under the shade of this
3290200	3296840	tree. May someone get dhamma. May someone get meditation. Volition is there. Whether
3296840	3302760	handful of earth or millions of rupees makes no difference. Volition. It is the
3302760	3306160	volition that counts. After some time again he became multimillionaire.
3306160	3311320	Started giving the donation in the same way. He understands dhamma now. That
3311320	3316960	whatever I give the amount is a material. My volition. My dhamma volition for the
3316960	3322400	good of others. For the benefit of others. Not expecting anything in return.
3322400	3330000	When one does not know dhamma. Then one keeps on giving dana but inflating the
3330000	3338160	ego. One builds a big hospital. A school. A college. But wants it to be named a
3338160	3344000	Goinka hospital. A Goinka school. A Goinka college. And this name must be
3344000	3349200	written in golden letters at the gate. Goinka school. Goinka college. Madness. One
3349200	3355000	doesn't know what one is doing. The whole volition is wrong. Understanding of
3355000	3360480	dhamma is wrong. The volition is to give without expecting anything in return. To
3360480	3364680	give for the benefit of others. For the benefit of others. How people started
3364680	3374600	changing. Changing in their life. Different people. Householders. One mother
3374600	3380440	Visakhha. Again a daughter of a very rich person. Married to another rich person but
3380440	3387240	the family had no dhamma at all. And how very wisely she turns the entire
3387240	3392720	atmosphere of this family where there was no dhamma. How everybody became a good
3392720	3397000	meditator and changed the whole attitude of the family. And the whole family
3397000	3402320	became full of peace, harmony. Where there was so much of tension and misery. How
3402320	3408720	dhamma starts working. Brings peace for one and all. And this was not merely at
3408720	3414280	the time of Udthar. It kept on. Whoever worked. Whenever one worked the same
3414280	3421960	result comes. One incident in the life of my teacher C.R.G. Ubakhine when
3421960	3429720	Burma became independent. There were small small states, princely states. And a
3429720	3433960	person, a good politician, statesman, he amalgamated all these states and made a
3433960	3439360	union of Burma. And to satisfy these princes one of their leader was made the
3439360	3443320	president of the country of the union of Burma. Now president has got no power
3443320	3447000	according to the Constitution there. The prime minister has all the powers. And yet
3447000	3452240	this person becomes so happy that I am now the president of the union of Burma.
3452240	3461120	Previously I was just a ruler of a small small place. Very happy. One evening he
3461120	3465960	gives a big party. All the diplomats and the elite of the of the city they all
3465960	3472760	come there. A big party. 7.30 is the time to start the party. Everybody has come.
3472760	3477960	All the guests have come. The host is not to be seen. 7.45 the host is not to be
3477960	3481560	seen. 8 o'clock the host is not coming. Prime minister got worried. What's going
3481560	3486840	on? He sent somebody to the residence in the first floor. And those who went up
3486840	3492360	there came back and told him sir he can't come. Why? What happened? He has
3492360	3497320	drank so much. He's unconscious lying on the floor. He can't come. Oh but without
3497320	3500560	the host how can this party this is president's party. Conscious or
3500560	3505880	unconscious? Bring him somehow. Let us start the party. And two of them helped
3505880	3509800	him to come. Half conscious half unconscious hiccuping hiccuping and he
3509800	3515120	comes. He's made to sit on the main chair and the course and the dinner starts.
3515160	3520280	First course is served. Second course is served. When the third course was being
3520280	3525640	served he started vomiting. Vomiting. Prime minister was so unhappy. We call
3525640	3529880	our land a Dhamma land. Our government a Dhamma government. And what sort of
3529880	3534680	president we have got? What could be done? Next day when he came to census he
3534680	3539120	telephoned to prime minister. If you want I will resign. But I cannot come out of
3539960	3545680	alcohol. It is impossible. In our royal tradition when the heir to the throne is
3545680	3549840	born that means the first son to the king is born then the first input given
3549840	3555520	is the best quality alcohol. In a silver spoon or a gold spoon. This was my first
3555520	3560600	input sir. And since then I'm taking alcohol alcohol. Half of my blood has
3560600	3566680	become alcohol. I can't come out can't come out of alcohol. Now this person
3566680	3571760	fortunate because of some good parmi of the past. One day he passes in front of
3571760	3576800	the teachers. Just out of inquisitiveness enters there. And
3576800	3580880	that was the day the tenth day the last day and he sees everybody's face blooming
3580880	3586280	with operation is over now. And bomb is given on the wounds. Everybody smiling
3586280	3591200	smiling. Hey what's going on here? Meditation is taught. What meditation?
3591200	3595760	Anapana is taught. Vipassana is taught. Being a born Buddhist he has been reading
3595760	3599120	about this Anapana and Vipassana in the scriptures but he never knew that
3599120	3602920	anybody is teaching this and such results are coming. Everybody says we
3602920	3609320	feel so peaceful so harmonious. I had no peace in my life. I never know what
3609320	3615240	harmony is. I'm such an agitated person. Sir can I come can I come also join? Yes
3615240	3620080	yes. Whether a prince or a pauper anybody everybody can come and meditate.
3620080	3626360	What shall I have to do? You have to take five precepts. Five precepts? Oh no no no
3626360	3632760	four precepts. Fifth one is out of question I can't do. Then go away we
3632760	3638200	can't take you. And he wants this peace and he's not taken. So he starts arguing
3638200	3644040	starts bargaining. One little peg sir every day very little. No nothing
3644040	3649400	doing. One peg after alternative days nothing doing. One in five days nothing
3649400	3653440	doing. Go away we can't teach you unless you have got this foundation strong. This
3653440	3658400	five sila are foundation of meditation. And then he says all right then somehow
3658400	3664440	I will control myself but sir under one condition that when I go back home you
3664440	3668000	should not stop me from drinking. How can I stop you going back home? You are your
3668000	3672320	own master. You drink as much as you like. But here no I would recommend you
3672320	3675960	going back home you should not drink. But if you drink how can I stop you? But
3675960	3681600	these ten days no drink. All right sir I want peace. I want harmony. And he
3681600	3685800	practiced the same practice. After ten days he goes to the president house his
3685800	3690080	own house there. And somebody is drinking even hundred yards away. He says
3690080	3695000	drinking. Who is drinking here? He can't bear. He can't bear others drinking out of
3695000	3700000	question for him to drink. And the whole ten days nobody told him if you go back
3700000	3704320	home and drink you will get this hell or that hell nothing doing. In Dhamma there
3704320	3710520	is no threatening. What happens? What is drink? He is addicted to the sensation of
3710520	3713760	the drink. And when he learned how to observe the sensation observe the
3713760	3717640	sensation all the sankharas of the alcohol had gone away. The addiction of
3717640	3722920	alcohol was gone away. How can he drink now? If this has happened only to one
3722920	3727080	president of the Union of Burma perhaps there was some miracle involved. This
3727080	3732120	happens to thousands of people coming to courses. Addict to alcohol. Addict to
3732120	3737320	drug. Addict to this or more than that. Addict to craving. Addict to aversion.
3737320	3743520	Addict to fear. Addict to depression. All these mental illnesses how they go away
3743520	3750280	easily. Dhamma is so wonderful. Dhamma is so scientific. Dhamma is so non-sectarian.
3750280	3755680	Dhamma is so universal. Dhamma is so result oriented. It gives you result here and
3755680	3761240	now in this very life. Good that you have joined the course. Make best use of the
3761240	3765200	remaining four days. They are wonderful days of your life. At least get
3765200	3769640	established in the technique. How to practice it? It's a lifetime job. You have
3769640	3773920	to work for the whole life but get established in the technique. Make use of
3773920	3780360	the time. Make use of the opportunity. Make use of the facility. Make use of this
3780360	3787080	wonderful Dhamma. The wonderful technique. To come out of the bondage of all the
3787080	3799680	cravings, aversions, illusions, delusions. To enjoy real peace, real harmony, real
3799680	3812000	happiness. May all of you enjoy real peace, real harmony, real happiness.
3877080	3892440	Hmm. Take rest for about five minutes and then again start working. Take rest for
3892440	3894920	five minutes.
